{
  "Version": 1,
  "ManifestType": "Publish",
  "Endpoints": [
    {
      "Route": "images/qrcodes/1.png",
      "AssetFile": "images/qrcodes/1.png",
      "Selectors": [],
      "ResponseHeaders": [
        {
          "Name": "Accept-Ranges",
          "Value": "bytes"
        },
        {
          "Name": "Cache-Control",
          "Value": "max-age=3600, must-revalidate"
        },
        {
          "Name": "Content-Length",
          "Value": "1080"
        },
        {
          "Name": "Content-Type",
          "Value": "image/png"
        },
        {
          "Name": "ETag",
          "Value": "\"egwCGtEv8O4zhpnR+2tcOeaS75qAk9AhSDklHS+VHnQ=\""
        },
        {
          "Name": "Last-Modified",
          "Value": "Mon, 27 Jan 2025 23:36:40 GMT"
        }
      ],
      "EndpointProperties": [
        {
          "Name": "integrity",
          "Value": "sha256-egwCGtEv8O4zhpnR+2tcOeaS75qAk9AhSDklHS+VHnQ="
        }
      ]
    },
    {
      "Route": "images/qrcodes/1.qcvz3cbx00.png",
      "AssetFile": "images/qrcodes/1.png",
      "Selectors": [],
      "ResponseHeaders": [
        {
          "Name": "Accept-Ranges",
          "Value": "bytes"
        },
        {
          "Name": "Cache-Control",
          "Value": "max-age=31536000, immutable"
        },
        {
          "Name": "Content-Length",
          "Value": "1080"
        },
        {
          "Name": "Content-Type",
          "Value": "image/png"
        },
        {
          "Name": "ETag",
          "Value": "\"egwCGtEv8O4zhpnR+2tcOeaS75qAk9AhSDklHS+VHnQ=\""
        },
        {
          "Name": "Last-Modified",
          "Value": "Mon, 27 Jan 2025 23:36:40 GMT"
        }
      ],
      "EndpointProperties": [
        {
          "Name": "fingerprint",
          "Value": "qcvz3cbx00"
        },
        {
          "Name": "integrity",
          "Value": "sha256-egwCGtEv8O4zhpnR+2tcOeaS75qAk9AhSDklHS+VHnQ="
        },
        {
          "Name": "label",
          "Value": "images/qrcodes/1.png"
        }
      ]
    },
    {
      "Route": "images/qrcodes/2.1ljowbacky.png",
      "AssetFile": "images/qrcodes/2.png",
      "Selectors": [],
      "ResponseHeaders": [
        {
          "Name": "Accept-Ranges",
          "Value": "bytes"
        },
        {
          "Name": "Cache-Control",
          "Value": "max-age=31536000, immutable"
        },
        {
          "Name": "Content-Length",
          "Value": "1084"
        },
        {
          "Name": "Content-Type",
          "Value": "image/png"
        },
        {
          "Name": "ETag",
          "Value": "\"JUW4/7sLeFoF6krdCT1aSpCY0+zndFzaBsIU/6dCYoo=\""
        },
        {
          "Name": "Last-Modified",
          "Value": "Tue, 28 Jan 2025 01:14:24 GMT"
        }
      ],
      "EndpointProperties": [
        {
          "Name": "fingerprint",
          "Value": "1ljowbacky"
        },
        {
          "Name": "integrity",
          "Value": "sha256-JUW4/7sLeFoF6krdCT1aSpCY0+zndFzaBsIU/6dCYoo="
        },
        {
          "Name": "label",
          "Value": "images/qrcodes/2.png"
        }
      ]
    },
    {
      "Route": "images/qrcodes/2.png",
      "AssetFile": "images/qrcodes/2.png",
      "Selectors": [],
      "ResponseHeaders": [
        {
          "Name": "Accept-Ranges",
          "Value": "bytes"
        },
        {
          "Name": "Cache-Control",
          "Value": "max-age=3600, must-revalidate"
        },
        {
          "Name": "Content-Length",
          "Value": "1084"
        },
        {
          "Name": "Content-Type",
          "Value": "image/png"
        },
        {
          "Name": "ETag",
          "Value": "\"JUW4/7sLeFoF6krdCT1aSpCY0+zndFzaBsIU/6dCYoo=\""
        },
        {
          "Name": "Last-Modified",
          "Value": "Tue, 28 Jan 2025 01:14:24 GMT"
        }
      ],
      "EndpointProperties": [
        {
          "Name": "integrity",
          "Value": "sha256-JUW4/7sLeFoF6krdCT1aSpCY0+zndFzaBsIU/6dCYoo="
        }
      ]
    },
    {
      "Route": "images/qrcodes/3.4qcb5gprcr.png",
      "AssetFile": "images/qrcodes/3.png",
      "Selectors": [],
      "ResponseHeaders": [
        {
          "Name": "Accept-Ranges",
          "Value": "bytes"
        },
        {
          "Name": "Cache-Control",
          "Value": "max-age=31536000, immutable"
        },
        {
          "Name": "Content-Length",
          "Value": "1077"
        },
        {
          "Name": "Content-Type",
          "Value": "image/png"
        },
        {
          "Name": "ETag",
          "Value": "\"LMpDZYGgKXNaltJlP2TpY5V6Oxt0+a4uhnVyPEpoLc4=\""
        },
        {
          "Name": "Last-Modified",
          "Value": "Tue, 28 Jan 2025 01:14:24 GMT"
        }
      ],
      "EndpointProperties": [
        {
          "Name": "fingerprint",
          "Value": "4qcb5gprcr"
        },
        {
          "Name": "integrity",
          "Value": "sha256-LMpDZYGgKXNaltJlP2TpY5V6Oxt0+a4uhnVyPEpoLc4="
        },
        {
          "Name": "label",
          "Value": "images/qrcodes/3.png"
        }
      ]
    },
    {
      "Route": "images/qrcodes/3.png",
      "AssetFile": "images/qrcodes/3.png",
      "Selectors": [],
      "ResponseHeaders": [
        {
          "Name": "Accept-Ranges",
          "Value": "bytes"
        },
        {
          "Name": "Cache-Control",
          "Value": "max-age=3600, must-revalidate"
        },
        {
          "Name": "Content-Length",
          "Value": "1077"
        },
        {
          "Name": "Content-Type",
          "Value": "image/png"
        },
        {
          "Name": "ETag",
          "Value": "\"LMpDZYGgKXNaltJlP2TpY5V6Oxt0+a4uhnVyPEpoLc4=\""
        },
        {
          "Name": "Last-Modified",
          "Value": "Tue, 28 Jan 2025 01:14:24 GMT"
        }
      ],
      "EndpointProperties": [
        {
          "Name": "integrity",
          "Value": "sha256-LMpDZYGgKXNaltJlP2TpY5V6Oxt0+a4uhnVyPEpoLc4="
        }
      ]
    },
    {
      "Route": "images/qrcodes/4.png",
      "AssetFile": "images/qrcodes/4.png",
      "Selectors": [],
      "ResponseHeaders": [
        {
          "Name": "Accept-Ranges",
          "Value": "bytes"
        },
        {
          "Name": "Cache-Control",
          "Value": "max-age=3600, must-revalidate"
        },
        {
          "Name": "Content-Length",
          "Value": "1080"
        },
        {
          "Name": "Content-Type",
          "Value": "image/png"
        },
        {
          "Name": "ETag",
          "Value": "\"+z0qp2UpMcEh95/m5AXbN/MOzscF/vA6wiPx4QgAAW0=\""
        },
        {
          "Name": "Last-Modified",
          "Value": "Tue, 28 Jan 2025 01:24:47 GMT"
        }
      ],
      "EndpointProperties": [
        {
          "Name": "integrity",
          "Value": "sha256-+z0qp2UpMcEh95/m5AXbN/MOzscF/vA6wiPx4QgAAW0="
        }
      ]
    },
    {
      "Route": "images/qrcodes/4.zabvj4748e.png",
      "AssetFile": "images/qrcodes/4.png",
      "Selectors": [],
      "ResponseHeaders": [
        {
          "Name": "Accept-Ranges",
          "Value": "bytes"
        },
        {
          "Name": "Cache-Control",
          "Value": "max-age=31536000, immutable"
        },
        {
          "Name": "Content-Length",
          "Value": "1080"
        },
        {
          "Name": "Content-Type",
          "Value": "image/png"
        },
        {
          "Name": "ETag",
          "Value": "\"+z0qp2UpMcEh95/m5AXbN/MOzscF/vA6wiPx4QgAAW0=\""
        },
        {
          "Name": "Last-Modified",
          "Value": "Tue, 28 Jan 2025 01:24:47 GMT"
        }
      ],
      "EndpointProperties": [
        {
          "Name": "fingerprint",
          "Value": "zabvj4748e"
        },
        {
          "Name": "integrity",
          "Value": "sha256-+z0qp2UpMcEh95/m5AXbN/MOzscF/vA6wiPx4QgAAW0="
        },
        {
          "Name": "label",
          "Value": "images/qrcodes/4.png"
        }
      ]
    }
  ]
}