{
  "Version": 1,
  "ManifestType": "Publish",
  "Endpoints": [
    {
      "Route": "images/qrcodes/1.m8vquk3oi2.png",
      "AssetFile": "images/qrcodes/1.png",
      "Selectors": [],
      "ResponseHeaders": [
        {
          "Name": "Accept-Ranges",
          "Value": "bytes"
        },
        {
          "Name": "Cache-Control",
          "Value": "max-age=31536000, immutable"
        },
        {
          "Name": "Content-Length",
          "Value": "740"
        },
        {
          "Name": "Content-Type",
          "Value": "image/png"
        },
        {
          "Name": "ETag",
          "Value": "\"pv5lYgqkfAJIZ+B9fyifZkBbk5R8suRVF+kz+0nr4l8=\""
        },
        {
          "Name": "Last-Modified",
          "Value": "Sun, 01 Dec 2024 04:27:47 GMT"
        }
      ],
      "EndpointProperties": [
        {
          "Name": "fingerprint",
          "Value": "m8vquk3oi2"
        },
        {
          "Name": "integrity",
          "Value": "sha256-pv5lYgqkfAJIZ+B9fyifZkBbk5R8suRVF+kz+0nr4l8="
        },
        {
          "Name": "label",
          "Value": "images/qrcodes/1.png"
        }
      ]
    },
    {
      "Route": "images/qrcodes/1.png",
      "AssetFile": "images/qrcodes/1.png",
      "Selectors": [],
      "ResponseHeaders": [
        {
          "Name": "Accept-Ranges",
          "Value": "bytes"
        },
        {
          "Name": "Cache-Control",
          "Value": "max-age=3600, must-revalidate"
        },
        {
          "Name": "Content-Length",
          "Value": "740"
        },
        {
          "Name": "Content-Type",
          "Value": "image/png"
        },
        {
          "Name": "ETag",
          "Value": "\"pv5lYgqkfAJIZ+B9fyifZkBbk5R8suRVF+kz+0nr4l8=\""
        },
        {
          "Name": "Last-Modified",
          "Value": "Sun, 01 Dec 2024 04:27:47 GMT"
        }
      ],
      "EndpointProperties": [
        {
          "Name": "integrity",
          "Value": "sha256-pv5lYgqkfAJIZ+B9fyifZkBbk5R8suRVF+kz+0nr4l8="
        }
      ]
    },
    {
      "Route": "images/qrcodes/2.4b7b9qsqz8.png",
      "AssetFile": "images/qrcodes/2.png",
      "Selectors": [],
      "ResponseHeaders": [
        {
          "Name": "Accept-Ranges",
          "Value": "bytes"
        },
        {
          "Name": "Cache-Control",
          "Value": "max-age=31536000, immutable"
        },
        {
          "Name": "Content-Length",
          "Value": "556"
        },
        {
          "Name": "Content-Type",
          "Value": "image/png"
        },
        {
          "Name": "ETag",
          "Value": "\"wIreqzz1nsl1ldWg8/SDbYvQLo3/wtWhv9skvKHug10=\""
        },
        {
          "Name": "Last-Modified",
          "Value": "Sun, 01 Dec 2024 06:11:41 GMT"
        }
      ],
      "EndpointProperties": [
        {
          "Name": "fingerprint",
          "Value": "4b7b9qsqz8"
        },
        {
          "Name": "integrity",
          "Value": "sha256-wIreqzz1nsl1ldWg8/SDbYvQLo3/wtWhv9skvKHug10="
        },
        {
          "Name": "label",
          "Value": "images/qrcodes/2.png"
        }
      ]
    },
    {
      "Route": "images/qrcodes/2.png",
      "AssetFile": "images/qrcodes/2.png",
      "Selectors": [],
      "ResponseHeaders": [
        {
          "Name": "Accept-Ranges",
          "Value": "bytes"
        },
        {
          "Name": "Cache-Control",
          "Value": "max-age=3600, must-revalidate"
        },
        {
          "Name": "Content-Length",
          "Value": "556"
        },
        {
          "Name": "Content-Type",
          "Value": "image/png"
        },
        {
          "Name": "ETag",
          "Value": "\"wIreqzz1nsl1ldWg8/SDbYvQLo3/wtWhv9skvKHug10=\""
        },
        {
          "Name": "Last-Modified",
          "Value": "Sun, 01 Dec 2024 06:11:41 GMT"
        }
      ],
      "EndpointProperties": [
        {
          "Name": "integrity",
          "Value": "sha256-wIreqzz1nsl1ldWg8/SDbYvQLo3/wtWhv9skvKHug10="
        }
      ]
    },
    {
      "Route": "images/qrcodes/3.3ad58lpq8m.png",
      "AssetFile": "images/qrcodes/3.png",
      "Selectors": [],
      "ResponseHeaders": [
        {
          "Name": "Accept-Ranges",
          "Value": "bytes"
        },
        {
          "Name": "Cache-Control",
          "Value": "max-age=31536000, immutable"
        },
        {
          "Name": "Content-Length",
          "Value": "545"
        },
        {
          "Name": "Content-Type",
          "Value": "image/png"
        },
        {
          "Name": "ETag",
          "Value": "\"e16r/QrFQyZt27kv1Ue8LuOqgOk3ObdAF8k7eNdO+vI=\""
        },
        {
          "Name": "Last-Modified",
          "Value": "Sun, 01 Dec 2024 06:12:01 GMT"
        }
      ],
      "EndpointProperties": [
        {
          "Name": "fingerprint",
          "Value": "3ad58lpq8m"
        },
        {
          "Name": "integrity",
          "Value": "sha256-e16r/QrFQyZt27kv1Ue8LuOqgOk3ObdAF8k7eNdO+vI="
        },
        {
          "Name": "label",
          "Value": "images/qrcodes/3.png"
        }
      ]
    },
    {
      "Route": "images/qrcodes/3.png",
      "AssetFile": "images/qrcodes/3.png",
      "Selectors": [],
      "ResponseHeaders": [
        {
          "Name": "Accept-Ranges",
          "Value": "bytes"
        },
        {
          "Name": "Cache-Control",
          "Value": "max-age=3600, must-revalidate"
        },
        {
          "Name": "Content-Length",
          "Value": "545"
        },
        {
          "Name": "Content-Type",
          "Value": "image/png"
        },
        {
          "Name": "ETag",
          "Value": "\"e16r/QrFQyZt27kv1Ue8LuOqgOk3ObdAF8k7eNdO+vI=\""
        },
        {
          "Name": "Last-Modified",
          "Value": "Sun, 01 Dec 2024 06:12:01 GMT"
        }
      ],
      "EndpointProperties": [
        {
          "Name": "integrity",
          "Value": "sha256-e16r/QrFQyZt27kv1Ue8LuOqgOk3ObdAF8k7eNdO+vI="
        }
      ]
    },
    {
      "Route": "images/qrcodes/4.pf5kpc291m.png",
      "AssetFile": "images/qrcodes/4.png",
      "Selectors": [],
      "ResponseHeaders": [
        {
          "Name": "Accept-Ranges",
          "Value": "bytes"
        },
        {
          "Name": "Cache-Control",
          "Value": "max-age=31536000, immutable"
        },
        {
          "Name": "Content-Length",
          "Value": "559"
        },
        {
          "Name": "Content-Type",
          "Value": "image/png"
        },
        {
          "Name": "ETag",
          "Value": "\"hSGWXp4xvLAl0oX1ALvWueONLFn65PArCQuoItFiriI=\""
        },
        {
          "Name": "Last-Modified",
          "Value": "Sun, 01 Dec 2024 06:33:03 GMT"
        }
      ],
      "EndpointProperties": [
        {
          "Name": "fingerprint",
          "Value": "pf5kpc291m"
        },
        {
          "Name": "integrity",
          "Value": "sha256-hSGWXp4xvLAl0oX1ALvWueONLFn65PArCQuoItFiriI="
        },
        {
          "Name": "label",
          "Value": "images/qrcodes/4.png"
        }
      ]
    },
    {
      "Route": "images/qrcodes/4.png",
      "AssetFile": "images/qrcodes/4.png",
      "Selectors": [],
      "ResponseHeaders": [
        {
          "Name": "Accept-Ranges",
          "Value": "bytes"
        },
        {
          "Name": "Cache-Control",
          "Value": "max-age=3600, must-revalidate"
        },
        {
          "Name": "Content-Length",
          "Value": "559"
        },
        {
          "Name": "Content-Type",
          "Value": "image/png"
        },
        {
          "Name": "ETag",
          "Value": "\"hSGWXp4xvLAl0oX1ALvWueONLFn65PArCQuoItFiriI=\""
        },
        {
          "Name": "Last-Modified",
          "Value": "Sun, 01 Dec 2024 06:33:03 GMT"
        }
      ],
      "EndpointProperties": [
        {
          "Name": "integrity",
          "Value": "sha256-hSGWXp4xvLAl0oX1ALvWueONLFn65PArCQuoItFiriI="
        }
      ]
    },
    {
      "Route": "images/qrcodes/5.lvif05jejv.png",
      "AssetFile": "images/qrcodes/5.png",
      "Selectors": [],
      "ResponseHeaders": [
        {
          "Name": "Accept-Ranges",
          "Value": "bytes"
        },
        {
          "Name": "Cache-Control",
          "Value": "max-age=31536000, immutable"
        },
        {
          "Name": "Content-Length",
          "Value": "710"
        },
        {
          "Name": "Content-Type",
          "Value": "image/png"
        },
        {
          "Name": "ETag",
          "Value": "\"rw4LLvQAZB2rcbWSmH3jRKN+f48mZattfBybANTp/T8=\""
        },
        {
          "Name": "Last-Modified",
          "Value": "Wed, 11 Dec 2024 00:33:08 GMT"
        }
      ],
      "EndpointProperties": [
        {
          "Name": "fingerprint",
          "Value": "lvif05jejv"
        },
        {
          "Name": "integrity",
          "Value": "sha256-rw4LLvQAZB2rcbWSmH3jRKN+f48mZattfBybANTp/T8="
        },
        {
          "Name": "label",
          "Value": "images/qrcodes/5.png"
        }
      ]
    },
    {
      "Route": "images/qrcodes/5.png",
      "AssetFile": "images/qrcodes/5.png",
      "Selectors": [],
      "ResponseHeaders": [
        {
          "Name": "Accept-Ranges",
          "Value": "bytes"
        },
        {
          "Name": "Cache-Control",
          "Value": "max-age=3600, must-revalidate"
        },
        {
          "Name": "Content-Length",
          "Value": "710"
        },
        {
          "Name": "Content-Type",
          "Value": "image/png"
        },
        {
          "Name": "ETag",
          "Value": "\"rw4LLvQAZB2rcbWSmH3jRKN+f48mZattfBybANTp/T8=\""
        },
        {
          "Name": "Last-Modified",
          "Value": "Wed, 11 Dec 2024 00:33:08 GMT"
        }
      ],
      "EndpointProperties": [
        {
          "Name": "integrity",
          "Value": "sha256-rw4LLvQAZB2rcbWSmH3jRKN+f48mZattfBybANTp/T8="
        }
      ]
    }
  ]
}