{
  "Version": 1,
  "ManifestType": "Publish",
  "Endpoints": [
    {
      "Route": "images/qrcodes/1.pbo86lo70v.png",
      "AssetFile": "images/qrcodes/1.png",
      "Selectors": [],
      "ResponseHeaders": [
        {
          "Name": "Accept-Ranges",
          "Value": "bytes"
        },
        {
          "Name": "Cache-Control",
          "Value": "max-age=31536000, immutable"
        },
        {
          "Name": "Content-Length",
          "Value": "1086"
        },
        {
          "Name": "Content-Type",
          "Value": "image/png"
        },
        {
          "Name": "ETag",
          "Value": "\"21hXBBav6FaD1fnAH/cdSq2utMajEk3HfoC5SSURero=\""
        },
        {
          "Name": "Last-Modified",
          "Value": "Thu, 23 Jan 2025 04:32:48 GMT"
        }
      ],
      "EndpointProperties": [
        {
          "Name": "fingerprint",
          "Value": "pbo86lo70v"
        },
        {
          "Name": "integrity",
          "Value": "sha256-21hXBBav6FaD1fnAH/cdSq2utMajEk3HfoC5SSURero="
        },
        {
          "Name": "label",
          "Value": "images/qrcodes/1.png"
        }
      ]
    },
    {
      "Route": "images/qrcodes/1.png",
      "AssetFile": "images/qrcodes/1.png",
      "Selectors": [],
      "ResponseHeaders": [
        {
          "Name": "Accept-Ranges",
          "Value": "bytes"
        },
        {
          "Name": "Cache-Control",
          "Value": "max-age=3600, must-revalidate"
        },
        {
          "Name": "Content-Length",
          "Value": "1086"
        },
        {
          "Name": "Content-Type",
          "Value": "image/png"
        },
        {
          "Name": "ETag",
          "Value": "\"21hXBBav6FaD1fnAH/cdSq2utMajEk3HfoC5SSURero=\""
        },
        {
          "Name": "Last-Modified",
          "Value": "Thu, 23 Jan 2025 04:32:48 GMT"
        }
      ],
      "EndpointProperties": [
        {
          "Name": "integrity",
          "Value": "sha256-21hXBBav6FaD1fnAH/cdSq2utMajEk3HfoC5SSURero="
        }
      ]
    }
  ]
}